idna_subject,checker_type,destination,source,tested_at,session_id
0-edge-chat-latest.messenger.com,AVAILABILITY,domains.list,domains.list,2022-10-08 10:42:14.476767,639f8d3ad75d52cc18336320
0-edge-chat.facebook.com,AVAILABILITY,domains.list,domains.list,2022-10-08 10:42:14.785918,639f8d3ad75d52cc18336320
0-edge-chat.messenger.com,AVAILABILITY,domains.list,domains.list,2022-10-08 10:42:15.146400,639f8d3ad75d52cc18336320
0.facebook.com,AVAILABILITY,domains.list,domains.list,2022-10-08 10:42:20.883185,639f8d3ad75d52cc18336320
0.messenger.com,AVAILABILITY,domains.list,domains.list,2022-10-08 10:42:26.674559,639f8d3ad75d52cc18336320
0n.fb.me,AVAILABILITY,domains.list,domains.list,2022-10-08 10:42:32.354111,639f8d3ad75d52cc18336320
1-edege-chat.messenger.com,AVAILABILITY,domains.list,domains.list,2022-10-08 10:42:32.671282,639f8d3ad75d52cc18336320
1-edge-chat.facebook.com,AVAILABILITY,domains.list,domains.list,2022-10-08 10:42:32.991685,639f8d3ad75d52cc18336320
1-edge-chat.messenger.com,AVAILABILITY,domains.list,domains.list,2022-10-08 10:42:33.304494,639f8d3ad75d52cc18336320
1-ml-in.facebook.com.tw,AVAILABILITY,domains.list,domains.list,2022-10-08 10:42:33.632344,639f8d3ad75d52cc18336320
1.m.me,AVAILABILITY,domains.list,domains.list,2022-10-08 10:42:34.200966,639f8d3ad75d52cc18336320
1907113739430074.fb.me,AVAILABILITY,domains.list,domains.list,2022-10-08 10:42:44.999260,639f8d3ad75d52cc18336320
2-edge-chat-latest.messenger.com,AVAILABILITY,domains.list,domains.list,2022-10-08 10:42:45.405039,639f8d3ad75d52cc18336320
2-edge-chat.facebook.com,AVAILABILITY,domains.list,domains.list,2022-10-08 10:42:45.703635,639f8d3ad75d52cc18336320
2-edge-chat.messenger.com,AVAILABILITY,domains.list,domains.list,2022-10-08 10:42:46.089814,639f8d3ad75d52cc18336320
2.m.me,AVAILABILITY,domains.list,domains.list,2022-10-08 10:42:51.693060,639f8d3ad75d52cc18336320
24im.messenger.com,AVAILABILITY,domains.list,domains.list,2022-10-08 10:43:07.108773,639f8d3ad75d52cc18336320
252fwww.messenger.com,AVAILABILITY,domains.list,domains.list,2022-10-08 10:43:12.847941,639f8d3ad75d52cc18336320
2fl.messenger.com,AVAILABILITY,domains.list,domains.list,2022-10-08 10:43:18.633521,639f8d3ad75d52cc18336320
2fwww.messenger.com,AVAILABILITY,domains.list,domains.list,2022-10-08 10:43:24.396944,639f8d3ad75d52cc18336320
3-edge-chat-latest.messenger.com,AVAILABILITY,domains.list,domains.list,2022-10-08 10:43:24.770298,639f8d3ad75d52cc18336320
3-edge-chat.facebook.com,AVAILABILITY,domains.list,domains.list,2022-10-08 10:43:25.149581,639f8d3ad75d52cc18336320
3-edge-chat.messenger.com,AVAILABILITY,domains.list,domains.list,2022-10-08 10:43:25.506928,639f8d3ad75d52cc18336320
3.fb.me,AVAILABILITY,domains.list,domains.list,2022-10-08 10:43:26.216784,639f8d3ad75d52cc18336320
3.m.me,AVAILABILITY,domains.list,domains.list,2022-10-08 10:43:27.024313,639f8d3ad75d52cc18336320
348214209341889.apps.fbsbx.com,AVAILABILITY,domains.list,domains.list,2022-10-08 10:43:27.589152,639f8d3ad75d52cc18336320
4-edge-chat-latest.messenger.com,AVAILABILITY,domains.list,domains.list,2022-10-08 10:43:27.914866,639f8d3ad75d52cc18336320
4-edge-chat.facebook.com,AVAILABILITY,domains.list,domains.list,2022-10-08 10:43:28.247630,639f8d3ad75d52cc18336320
4-edge-chat.messenger.com,AVAILABILITY,domains.list,domains.list,2022-10-08 10:43:28.632584,639f8d3ad75d52cc18336320
46.m.me,AVAILABILITY,domains.list,domains.list,2022-10-08 10:43:29.211048,639f8d3ad75d52cc18336320
5-edge-chat-latest.messenger.com,AVAILABILITY,domains.list,domains.list,2022-10-08 10:43:29.609700,639f8d3ad75d52cc18336320
5-edge-chat.facebook.com,AVAILABILITY,domains.list,domains.list,2022-10-08 10:43:29.907576,639f8d3ad75d52cc18336320
5-edge-chat.messenger.com,AVAILABILITY,domains.list,domains.list,2022-10-08 10:43:30.260353,639f8d3ad75d52cc18336320
6-edge-chat.facebook.com,AVAILABILITY,domains.list,domains.list,2022-10-08 10:43:30.559224,639f8d3ad75d52cc18336320
6-edge-chat.messenger.com,AVAILABILITY,domains.list,domains.list,2022-10-08 10:43:30.850047,639f8d3ad75d52cc18336320
9n.fb.me,AVAILABILITY,domains.list,domains.list,2022-10-08 10:43:31.876517,639f8d3ad75d52cc18336320
a.m.me,AVAILABILITY,domains.list,domains.list,2022-10-08 10:43:32.524562,639f8d3ad75d52cc18336320
a.ns.facebook.com,AVAILABILITY,domains.list,domains.list,2022-10-08 10:43:53.027572,639f8d3ad75d52cc18336320
a.ns.t.facebook.net,AVAILABILITY,domains.list,domains.list,2022-10-08 10:44:13.594451,639f8d3ad75d52cc18336320
a.ns.t.tfbnw.net,AVAILABILITY,domains.list,domains.list,2022-10-08 10:44:34.120308,639f8d3ad75d52cc18336320
a.ns.tfbnw.net,AVAILABILITY,domains.list,domains.list,2022-10-08 10:44:54.588481,639f8d3ad75d52cc18336320
a17-112-144-50.fb.me,AVAILABILITY,domains.list,domains.list,2022-10-08 10:44:54.955916,639f8d3ad75d52cc18336320
a17-112-152-32.fb.me,AVAILABILITY,domains.list,domains.list,2022-10-08 10:44:55.273192,639f8d3ad75d52cc18336320
a5.fb.me,AVAILABILITY,domains.list,domains.list,2022-10-08 10:44:55.874296,639f8d3ad75d52cc18336320
about.facebook.com,AVAILABILITY,domains.list,domains.list,2022-10-08 10:44:56.465375,639f8d3ad75d52cc18336320
about.fb.com,AVAILABILITY,domains.list,domains.list,2022-10-08 10:44:57.174225,639f8d3ad75d52cc18336320
acestrea.m.me,AVAILABILITY,domains.list,domains.list,2022-10-08 10:44:57.786046,639f8d3ad75d52cc18336320
ae0.bb01.atl1.tfbnw.net,AVAILABILITY,domains.list,domains.list,2022-10-08 10:45:18.297430,639f8d3ad75d52cc18336320
ae0.bb01.bos2.tfbnw.net,AVAILABILITY,domains.list,domains.list,2022-10-08 10:45:38.723407,639f8d3ad75d52cc18336320
ae10.bb01.atl1.tfbnw.net,AVAILABILITY,domains.list,domains.list,2022-10-08 10:45:59.110841,639f8d3ad75d52cc18336320
ae29.bb02.mia1.tfbnw.net,AVAILABILITY,domains.list,domains.list,2022-10-08 10:46:19.554286,639f8d3ad75d52cc18336320
af-za.messenger.com,AVAILABILITY,domains.list,domains.list,2022-10-08 10:46:20.016951,639f8d3ad75d52cc18336320
ai.facebook.com,AVAILABILITY,domains.list,domains.list,2022-10-08 10:46:20.659441,639f8d3ad75d52cc18336320
ai.fb.com,AVAILABILITY,domains.list,domains.list,2022-10-08 10:46:21.398650,639f8d3ad75d52cc18336320
alpha.facebook.com,AVAILABILITY,domains.list,domains.list,2022-10-08 10:46:22.138020,639f8d3ad75d52cc18336320
alpha.messenger.com,AVAILABILITY,domains.list,domains.list,2022-10-08 10:46:23.097610,639f8d3ad75d52cc18336320
am.fb.me,AVAILABILITY,domains.list,domains.list,2022-10-08 10:46:23.678976,639f8d3ad75d52cc18336320
an.facebook.com,AVAILABILITY,domains.list,domains.list,2022-10-08 10:46:24.151974,639f8d3ad75d52cc18336320
an.fb.me,AVAILABILITY,domains.list,domains.list,2022-10-08 10:46:24.726191,639f8d3ad75d52cc18336320
analytics.facebook.com,AVAILABILITY,domains.list,domains.list,2022-10-08 10:46:25.258835,639f8d3ad75d52cc18336320
aol.messenger.com,AVAILABILITY,domains.list,domains.list,2022-10-08 10:46:26.047318,639f8d3ad75d52cc18336320
apache.mirror.facebook.net,AVAILABILITY,domains.list,domains.list,2022-10-08 10:46:26.982286,639f8d3ad75d52cc18336320
api-read.facebook.com,AVAILABILITY,domains.list,domains.list,2022-10-08 10:46:27.347604,639f8d3ad75d52cc18336320
api.facebook.com,AVAILABILITY,domains.list,domains.list,2022-10-08 10:46:27.961623,639f8d3ad75d52cc18336320
api.fb.me,AVAILABILITY,domains.list,domains.list,2022-10-08 10:46:28.567290,639f8d3ad75d52cc18336320
api.fbcdn.com,AVAILABILITY,domains.list,domains.list,2022-10-08 10:46:29.159021,639f8d3ad75d52cc18336320
api4.fb.me,AVAILABILITY,domains.list,domains.list,2022-10-08 10:46:29.704738,639f8d3ad75d52cc18336320
apps-1132114886936787.apps.fbsbx.com,AVAILABILITY,domains.list,domains.list,2022-10-08 10:46:29.995043,639f8d3ad75d52cc18336320
apps-1192247540901063.apps.fbsbx.com,AVAILABILITY,domains.list,domains.list,2022-10-08 10:46:30.373956,639f8d3ad75d52cc18336320
apps-1214104412028762.apps.fbsbx.com,AVAILABILITY,domains.list,domains.list,2022-10-08 10:46:30.679240,639f8d3ad75d52cc18336320
apps-1228187864000427.apps.fbsbx.com,AVAILABILITY,domains.list,domains.list,2022-10-08 10:46:31.000524,639f8d3ad75d52cc18336320
apps-1545834658847763.apps.fbsbx.com,AVAILABILITY,domains.list,domains.list,2022-10-08 10:46:31.387995,639f8d3ad75d52cc18336320
apps-1602981533104548.apps.fbsbx.com,AVAILABILITY,domains.list,domains.list,2022-10-08 10:46:31.698660,639f8d3ad75d52cc18336320
apps-160840521263423.apps.fbsbx.com,AVAILABILITY,domains.list,domains.list,2022-10-08 10:46:32.050363,639f8d3ad75d52cc18336320
apps-166387070613883.apps.fbsbx.com,AVAILABILITY,domains.list,domains.list,2022-10-08 10:46:32.382614,639f8d3ad75d52cc18336320
apps-1673197939379493.apps.fbsbx.com,AVAILABILITY,domains.list,domains.list,2022-10-08 10:46:32.695930,639f8d3ad75d52cc18336320
apps-169478733650534.apps.fbsbx.com,AVAILABILITY,domains.list,domains.list,2022-10-08 10:46:33.098428,639f8d3ad75d52cc18336320
apps-1699933326751079.apps.fbsbx.com,AVAILABILITY,domains.list,domains.list,2022-10-08 10:46:33.429491,639f8d3ad75d52cc18336320
apps-1787553804645956.apps.fbsbx.com,AVAILABILITY,domains.list,domains.list,2022-10-08 10:46:33.847665,639f8d3ad75d52cc18336320
apps-1825153594465039.apps.fbsbx.com,AVAILABILITY,domains.list,domains.list,2022-10-08 10:46:34.191499,639f8d3ad75d52cc18336320
apps-183280755726603.apps.fbsbx.com,AVAILABILITY,domains.list,domains.list,2022-10-08 10:46:34.573674,639f8d3ad75d52cc18336320
apps-186681675513260.apps.fbsbx.com,AVAILABILITY,domains.list,domains.list,2022-10-08 10:46:34.988168,639f8d3ad75d52cc18336320
apps-188484065419299.apps.fbsbx.com,AVAILABILITY,domains.list,domains.list,2022-10-08 10:46:35.389615,639f8d3ad75d52cc18336320
apps-1939015149698140.apps.fbsbx.com,AVAILABILITY,domains.list,domains.list,2022-10-08 10:46:35.754098,639f8d3ad75d52cc18336320
apps-194046404492818.apps.fbsbx.com,AVAILABILITY,domains.list,domains.list,2022-10-08 10:46:36.099751,639f8d3ad75d52cc18336320
apps-1942263932536467.apps.fbsbx.com,AVAILABILITY,domains.list,domains.list,2022-10-08 10:46:36.519291,639f8d3ad75d52cc18336320
apps-199510794066778.apps.fbsbx.com,AVAILABILITY,domains.list,domains.list,2022-10-08 10:46:36.839570,639f8d3ad75d52cc18336320
apps-2005612986347979.apps.fbsbx.com,AVAILABILITY,domains.list,domains.list,2022-10-08 10:46:37.237244,639f8d3ad75d52cc18336320
apps-2069434719753161.apps.fbsbx.com,AVAILABILITY,domains.list,domains.list,2022-10-08 10:46:37.557206,639f8d3ad75d52cc18336320
apps-207011573569527.apps.fbsbx.com,AVAILABILITY,domains.list,domains.list,2022-10-08 10:46:37.994152,639f8d3ad75d52cc18336320
apps-2078631879044532.apps.fbsbx.com,AVAILABILITY,domains.list,domains.list,2022-10-08 10:46:38.408521,639f8d3ad75d52cc18336320
apps-2084865358395589.apps.fbsbx.com,AVAILABILITY,domains.list,domains.list,2022-10-08 10:46:38.780148,639f8d3ad75d52cc18336320
apps-208569666689697.apps.fbsbx.com,AVAILABILITY,domains.list,domains.list,2022-10-08 10:46:39.158264,639f8d3ad75d52cc18336320
apps-2085905595054659.apps.fbsbx.com,AVAILABILITY,domains.list,domains.list,2022-10-08 10:46:39.485803,639f8d3ad75d52cc18336320
apps-2095791540676791.apps.fbsbx.com,AVAILABILITY,domains.list,domains.list,2022-10-08 10:46:39.786347,639f8d3ad75d52cc18336320
apps-2132503030412548.apps.fbsbx.com,AVAILABILITY,domains.list,domains.list,2022-10-08 10:46:40.197445,639f8d3ad75d52cc18336320
apps-2139907719383042.apps.fbsbx.com,AVAILABILITY,domains.list,domains.list,2022-10-08 10:46:40.584895,639f8d3ad75d52cc18336320
apps-214087315949443.apps.fbsbx.com,AVAILABILITY,domains.list,domains.list,2022-10-08 10:46:40.965950,639f8d3ad75d52cc18336320
apps-2172349176344205.apps.fbsbx.com,AVAILABILITY,domains.list,domains.list,2022-10-08 10:46:41.272838,639f8d3ad75d52cc18336320
apps-2179404012307971.apps.fbsbx.com,AVAILABILITY,domains.list,domains.list,2022-10-08 10:46:41.644137,639f8d3ad75d52cc18336320
apps-2184660561748468.apps.fbsbx.com,AVAILABILITY,domains.list,domains.list,2022-10-08 10:46:41.974975,639f8d3ad75d52cc18336320
apps-226166117984247.apps.fbsbx.com,AVAILABILITY,domains.list,domains.list,2022-10-08 10:46:42.269355,639f8d3ad75d52cc18336320
apps-2265079503727097.apps.fbsbx.com,AVAILABILITY,domains.list,domains.list,2022-10-08 10:46:42.569920,639f8d3ad75d52cc18336320
apps-2296047290409384.apps.fbsbx.com,AVAILABILITY,domains.list,domains.list,2022-10-08 10:46:42.964810,639f8d3ad75d52cc18336320
apps-232170860602554.apps.fbsbx.com,AVAILABILITY,domains.list,domains.list,2022-10-08 10:46:43.288703,639f8d3ad75d52cc18336320
apps-236694420248901.apps.fbsbx.com,AVAILABILITY,domains.list,domains.list,2022-10-08 10:46:43.604004,639f8d3ad75d52cc18336320
apps-2439130869458646.apps.fbsbx.com,AVAILABILITY,domains.list,domains.list,2022-10-08 10:46:43.970536,639f8d3ad75d52cc18336320
apps-249058842412197.apps.fbsbx.com,AVAILABILITY,domains.list,domains.list,2022-10-08 10:46:44.293197,639f8d3ad75d52cc18336320
apps-253763508667335.apps.fbsbx.com,AVAILABILITY,domains.list,domains.list,2022-10-08 10:46:44.652780,639f8d3ad75d52cc18336320
apps-254328148486286.apps.fbsbx.com,AVAILABILITY,domains.list,domains.list,2022-10-08 10:46:44.981719,639f8d3ad75d52cc18336320
apps-255976375072290.apps.fbsbx.com,AVAILABILITY,domains.list,domains.list,2022-10-08 10:46:45.403813,639f8d3ad75d52cc18336320
apps-260713444015583.apps.fbsbx.com,AVAILABILITY,domains.list,domains.list,2022-10-08 10:46:45.766021,639f8d3ad75d52cc18336320
apps-261796957853828.apps.fbsbx.com,AVAILABILITY,domains.list,domains.list,2022-10-08 10:46:46.084569,639f8d3ad75d52cc18336320
apps-264813730813067.apps.fbsbx.com,AVAILABILITY,domains.list,domains.list,2022-10-08 10:46:46.480434,639f8d3ad75d52cc18336320
apps-273318713323222.apps.fbsbx.com,AVAILABILITY,domains.list,domains.list,2022-10-08 10:46:46.852827,639f8d3ad75d52cc18336320
apps-278152362840481.apps.fbsbx.com,AVAILABILITY,domains.list,domains.list,2022-10-08 10:46:47.190128,639f8d3ad75d52cc18336320
apps-281311582490253.apps.fbsbx.com,AVAILABILITY,domains.list,domains.list,2022-10-08 10:46:47.563264,639f8d3ad75d52cc18336320
apps-289333235197308.apps.fbsbx.com,AVAILABILITY,domains.list,domains.list,2022-10-08 10:46:47.868602,639f8d3ad75d52cc18336320
apps-308084433059751.apps.fbsbx.com,AVAILABILITY,domains.list,domains.list,2022-10-08 10:46:48.236213,639f8d3ad75d52cc18336320
apps-316495142521144.apps.fbsbx.com,AVAILABILITY,domains.list,domains.list,2022-10-08 10:46:48.573238,639f8d3ad75d52cc18336320
apps-325224894889683.apps.fbsbx.com,AVAILABILITY,domains.list,domains.list,2022-10-08 10:46:48.941517,639f8d3ad75d52cc18336320
apps-332538517327265.apps.fbsbx.com,AVAILABILITY,domains.list,domains.list,2022-10-08 10:46:49.272552,639f8d3ad75d52cc18336320
apps-345185079556876.apps.fbsbx.com,AVAILABILITY,domains.list,domains.list,2022-10-08 10:46:49.684873,639f8d3ad75d52cc18336320
apps-348214209341889.apps.fbsbx.com,AVAILABILITY,domains.list,domains.list,2022-10-08 10:46:50.051301,639f8d3ad75d52cc18336320
apps-351078265631893.apps.fbsbx.com,AVAILABILITY,domains.list,domains.list,2022-10-08 10:46:50.372788,639f8d3ad75d52cc18336320
apps-357189068359117.apps.fbsbx.com,AVAILABILITY,domains.list,domains.list,2022-10-08 10:46:50.698658,639f8d3ad75d52cc18336320
apps-365534404016002.apps.fbsbx.com,AVAILABILITY,domains.list,domains.list,2022-10-08 10:46:51.006680,639f8d3ad75d52cc18336320
apps-379618815909336.apps.fbsbx.com,AVAILABILITY,domains.list,domains.list,2022-10-08 10:46:51.442424,639f8d3ad75d52cc18336320
apps-416920988735303.apps.fbsbx.com,AVAILABILITY,domains.list,domains.list,2022-10-08 10:46:51.764128,639f8d3ad75d52cc18336320
apps-430637457408280.apps.fbsbx.com,AVAILABILITY,domains.list,domains.list,2022-10-08 10:46:52.084064,639f8d3ad75d52cc18336320
apps-435721936875827.apps.fbsbx.com,AVAILABILITY,domains.list,domains.list,2022-10-08 10:46:52.416836,639f8d3ad75d52cc18336320
apps-440945256433897.apps.fbsbx.com,AVAILABILITY,domains.list,domains.list,2022-10-08 10:46:52.804328,639f8d3ad75d52cc18336320
apps-469033456836573.apps.fbsbx.com,AVAILABILITY,domains.list,domains.list,2022-10-08 10:46:53.174228,639f8d3ad75d52cc18336320
apps-469069796905668.apps.fbsbx.com,AVAILABILITY,domains.list,domains.list,2022-10-08 10:46:53.518775,639f8d3ad75d52cc18336320
apps-472412203281979.apps.fbsbx.com,AVAILABILITY,domains.list,domains.list,2022-10-08 10:46:53.913352,639f8d3ad75d52cc18336320
apps-474443516378085.apps.fbsbx.com,AVAILABILITY,domains.list,domains.list,2022-10-08 10:46:54.259357,639f8d3ad75d52cc18336320
apps-479029962505341.apps.fbsbx.com,AVAILABILITY,domains.list,domains.list,2022-10-08 10:46:54.582889,639f8d3ad75d52cc18336320
apps-492432114586553.apps.fbsbx.com,AVAILABILITY,domains.list,domains.list,2022-10-08 10:46:54.895181,639f8d3ad75d52cc18336320
apps-507890782968907.apps.fbsbx.com,AVAILABILITY,domains.list,domains.list,2022-10-08 10:46:55.317548,639f8d3ad75d52cc18336320
apps-514261135697635.apps.fbsbx.com,AVAILABILITY,domains.list,domains.list,2022-10-08 10:46:55.664993,639f8d3ad75d52cc18336320
apps-517524528760947.apps.fbsbx.com,AVAILABILITY,domains.list,domains.list,2022-10-08 10:46:55.975238,639f8d3ad75d52cc18336320
apps-519222701883502.apps.fbsbx.com,AVAILABILITY,domains.list,domains.list,2022-10-08 10:46:56.386214,639f8d3ad75d52cc18336320
apps-538324849925664.apps.fbsbx.com,AVAILABILITY,domains.list,domains.list,2022-10-08 10:46:56.724244,639f8d3ad75d52cc18336320
apps-539921089788954.apps.fbsbx.com,AVAILABILITY,domains.list,domains.list,2022-10-08 10:46:57.065605,639f8d3ad75d52cc18336320
apps-546661508998943.apps.fbsbx.com,AVAILABILITY,domains.list,domains.list,2022-10-08 10:46:57.386247,639f8d3ad75d52cc18336320
apps-557106561398862.apps.fbsbx.com,AVAILABILITY,domains.list,domains.list,2022-10-08 10:46:57.710490,639f8d3ad75d52cc18336320
apps-709002776145083.apps.fbsbx.com,AVAILABILITY,domains.list,domains.list,2022-10-08 10:46:58.081633,639f8d3ad75d52cc18336320
apps-779934465677983.apps.fbsbx.com,AVAILABILITY,domains.list,domains.list,2022-10-08 10:46:58.397390,639f8d3ad75d52cc18336320
apps-783505298507491.apps.fbsbx.com,AVAILABILITY,domains.list,domains.list,2022-10-08 10:46:58.766008,639f8d3ad75d52cc18336320
apps-900016243542343.apps.fbsbx.com,AVAILABILITY,domains.list,domains.list,2022-10-08 10:46:59.081618,639f8d3ad75d52cc18336320
apps-902424996813091.apps.fbsbx.com,AVAILABILITY,domains.list,domains.list,2022-10-08 10:46:59.408578,639f8d3ad75d52cc18336320
apps-929526610591433.apps.fbsbx.com,AVAILABILITY,domains.list,domains.list,2022-10-08 10:46:59.796601,639f8d3ad75d52cc18336320
apps-936118136567755.apps.fbsbx.com,AVAILABILITY,domains.list,domains.list,2022-10-08 10:47:00.104451,639f8d3ad75d52cc18336320
apps.facebook.com,AVAILABILITY,domains.list,domains.list,2022-10-08 10:47:00.833771,639f8d3ad75d52cc18336320
apps.fb.me,AVAILABILITY,domains.list,domains.list,2022-10-08 10:47:01.486992,639f8d3ad75d52cc18336320
apps.fbsbx.com,AVAILABILITY,domains.list,domains.list,2022-10-08 10:47:02.055661,639f8d3ad75d52cc18336320
apps.messenger.com,AVAILABILITY,domains.list,domains.list,2022-10-08 10:47:02.982185,639f8d3ad75d52cc18336320
appstore.fb.com,AVAILABILITY,domains.list,domains.list,2022-10-08 10:47:28.416566,639f8d3ad75d52cc18336320
ar-ar.facebook.com,AVAILABILITY,domains.list,domains.list,2022-10-08 10:47:28.765344,639f8d3ad75d52cc18336320
ar-ar.he-il.fb.me,AVAILABILITY,domains.list,domains.list,2022-10-08 10:47:29.074655,639f8d3ad75d52cc18336320
ar-ar.messenger.com,AVAILABILITY,domains.list,domains.list,2022-10-08 10:47:29.383604,639f8d3ad75d52cc18336320
ash-appstore.fb.com,AVAILABILITY,domains.list,domains.list,2022-10-08 10:47:29.704583,639f8d3ad75d52cc18336320
ash-fsoutpost.fb.com,AVAILABILITY,domains.list,domains.list,2022-10-08 10:47:30.000910,639f8d3ad75d52cc18336320
ash-vsp.fb.com,AVAILABILITY,domains.list,domains.list,2022-10-08 10:47:30.396431,639f8d3ad75d52cc18336320
atlas.c10r.facebook.com,AVAILABILITY,domains.list,domains.list,2022-10-08 10:47:30.790897,639f8d3ad75d52cc18336320
atlasdirect.com,AVAILABILITY,domains.list,domains.list,2022-10-08 10:47:36.376952,639f8d3ad75d52cc18336320
attachment.fbsbx.com,AVAILABILITY,domains.list,domains.list,2022-10-08 10:47:41.943625,639f8d3ad75d52cc18336320
attachments.facebook.com,AVAILABILITY,domains.list,domains.list,2022-10-08 10:47:52.532526,639f8d3ad75d52cc18336320
aura-11-01-snc7.facebook.com,AVAILABILITY,domains.list,domains.list,2022-10-08 10:47:52.866416,639f8d3ad75d52cc18336320
australia.fb.com,AVAILABILITY,domains.list,domains.list,2022-10-08 10:48:08.752570,639f8d3ad75d52cc18336320
autodiscover.messenger.com,AVAILABILITY,domains.list,domains.list,2022-10-08 10:48:19.480874,639f8d3ad75d52cc18336320
az-az.facebook.com,AVAILABILITY,domains.list,domains.list,2022-10-08 10:48:19.815373,639f8d3ad75d52cc18336320
az-az.fb.me,AVAILABILITY,domains.list,domains.list,2022-10-08 10:48:20.111169,639f8d3ad75d52cc18336320
b-api.alpha.facebook.com,AVAILABILITY,domains.list,domains.list,2022-10-08 10:48:20.500848,639f8d3ad75d52cc18336320
b-api.facebook.com,AVAILABILITY,domains.list,domains.list,2022-10-08 10:48:20.815017,639f8d3ad75d52cc18336320
b-graph.facebook.com,AVAILABILITY,domains.list,domains.list,2022-10-08 10:48:21.171136,639f8d3ad75d52cc18336320
b-m.facebook.com,AVAILABILITY,domains.list,domains.list,2022-10-08 10:48:21.480992,639f8d3ad75d52cc18336320
b-www.facebook.com,AVAILABILITY,domains.list,domains.list,2022-10-08 10:48:21.788123,639f8d3ad75d52cc18336320
b.beta.facebook.net,AVAILABILITY,domains.list,domains.list,2022-10-08 10:48:22.283544,639f8d3ad75d52cc18336320
b.ns.facebook.com,AVAILABILITY,domains.list,domains.list,2022-10-08 10:48:47.634266,639f8d3ad75d52cc18336320
b.ns.t.facebook.net,AVAILABILITY,domains.list,domains.list,2022-10-08 10:49:08.120171,639f8d3ad75d52cc18336320
b.ns.t.tfbnw.net,AVAILABILITY,domains.list,domains.list,2022-10-08 10:49:28.543710,639f8d3ad75d52cc18336320
badge.facebook.com,AVAILABILITY,domains.list,domains.list,2022-10-08 10:49:29.154505,639f8d3ad75d52cc18336320
bb01.sea1.tfbnw.net,AVAILABILITY,domains.list,domains.list,2022-10-08 10:49:49.758641,639f8d3ad75d52cc18336320
beta.facebook.net,AVAILABILITY,domains.list,domains.list,2022-10-08 10:49:55.166442,639f8d3ad75d52cc18336320
beta.fb.me,AVAILABILITY,domains.list,domains.list,2022-10-08 10:50:06.088981,639f8d3ad75d52cc18336320
beta.messenger.com,AVAILABILITY,domains.list,domains.list,2022-10-08 10:50:22.143353,639f8d3ad75d52cc18336320
bg-bg.facebook.com,AVAILABILITY,domains.list,domains.list,2022-10-08 10:50:22.578874,639f8d3ad75d52cc18336320
bg-bg.fb.me,AVAILABILITY,domains.list,domains.list,2022-10-08 10:50:22.997964,639f8d3ad75d52cc18336320
bg-bg.id-id.fb.me,AVAILABILITY,domains.list,domains.list,2022-10-08 10:50:23.327904,639f8d3ad75d52cc18336320
bg-bg.messenger.com,AVAILABILITY,domains.list,domains.list,2022-10-08 10:50:23.681182,639f8d3ad75d52cc18336320
bh407.fb.me,AVAILABILITY,domains.list,domains.list,2022-10-08 10:50:29.330893,639f8d3ad75d52cc18336320
bigzipfiles.facebook.com,AVAILABILITY,domains.list,domains.list,2022-10-08 10:50:29.826456,639f8d3ad75d52cc18336320
blackber.messenger.com,AVAILABILITY,domains.list,domains.list,2022-10-08 10:50:30.573258,639f8d3ad75d52cc18336320
bn-in.messenger.com,AVAILABILITY,domains.list,domains.list,2022-10-08 10:50:30.944316,639f8d3ad75d52cc18336320
bn-in.mobile.fb.me,AVAILABILITY,domains.list,domains.list,2022-10-08 10:50:31.260876,639f8d3ad75d52cc18336320
brasil.fb.com,AVAILABILITY,domains.list,domains.list,2022-10-08 10:50:31.872446,639f8d3ad75d52cc18336320
brazil.fb.com,AVAILABILITY,domains.list,domains.list,2022-10-08 10:50:32.962185,639f8d3ad75d52cc18336320
bunnylol.facebook.net,AVAILABILITY,domains.list,domains.list,2022-10-08 10:50:38.852610,639f8d3ad75d52cc18336320
business.facebook.com,AVAILABILITY,domains.list,domains.list,2022-10-08 10:50:39.458375,639f8d3ad75d52cc18336320
business.facebook.de,AVAILABILITY,domains.list,domains.list,2022-10-08 10:50:40.186791,639f8d3ad75d52cc18336320
c13-b2b-blog-lb.fb.me,AVAILABILITY,domains.list,domains.list,2022-10-08 10:50:40.584971,639f8d3ad75d52cc18336320
c1or.facebook.co,AVAILABILITY,domains.list,domains.list,2022-10-08 10:50:41.206057,639f8d3ad75d52cc18336320
ca-es.an.fb.me,AVAILABILITY,domains.list,domains.list,2022-10-08 10:50:41.536790,639f8d3ad75d52cc18336320
ca-es.messenger.com,AVAILABILITY,domains.list,domains.list,2022-10-08 10:50:41.872221,639f8d3ad75d52cc18336320
careerconnections.fb.com,AVAILABILITY,domains.list,domains.list,2022-10-08 10:50:43.016095,639f8d3ad75d52cc18336320
cdn.fb.me,AVAILABILITY,domains.list,domains.list,2022-10-08 10:50:43.752254,639f8d3ad75d52cc18336320
cdn.fbsbx.com,AVAILABILITY,domains.list,domains.list,2022-10-08 10:50:44.154090,639f8d3ad75d52cc18336320
centos.mirror.facebook.net,AVAILABILITY,domains.list,domains.list,2022-10-08 10:50:45.064119,639f8d3ad75d52cc18336320
centrality.facebook.com,AVAILABILITY,domains.list,domains.list,2022-10-08 10:50:45.942394,639f8d3ad75d52cc18336320
chat-e2ee-mini.facebook.com,AVAILABILITY,domains.list,domains.list,2022-10-08 10:50:46.306778,639f8d3ad75d52cc18336320
chat.fb.me,AVAILABILITY,domains.list,domains.list,2022-10-08 10:50:47.035927,639f8d3ad75d52cc18336320
chat.messenger.com,AVAILABILITY,domains.list,domains.list,2022-10-08 10:50:47.848314,639f8d3ad75d52cc18336320
chikkatext.messenger.com,AVAILABILITY,domains.list,domains.list,2022-10-08 10:50:48.801667,639f8d3ad75d52cc18336320
cinyour.messenger.com,AVAILABILITY,domains.list,domains.list,2022-10-08 10:50:49.538434,639f8d3ad75d52cc18336320
cinyourrc.messenger.com,AVAILABILITY,domains.list,domains.list,2022-10-08 10:50:50.323722,639f8d3ad75d52cc18336320
code-dev.fb.com,AVAILABILITY,domains.list,domains.list,2022-10-08 10:50:50.652397,639f8d3ad75d52cc18336320
code.facebook.com,AVAILABILITY,domains.list,domains.list,2022-10-08 10:50:51.201424,639f8d3ad75d52cc18336320
code.fb.com,AVAILABILITY,domains.list,domains.list,2022-10-08 10:50:51.670966,639f8d3ad75d52cc18336320
com.htmllogin.facebook.fr,AVAILABILITY,domains.list,domains.list,2022-10-08 10:50:52.469867,639f8d3ad75d52cc18336320
com.mirror.facebook.net,AVAILABILITY,domains.list,domains.list,2022-10-08 10:50:52.980220,639f8d3ad75d52cc18336320
connect.beta.facebook.net,AVAILABILITY,domains.list,domains.list,2022-10-08 10:50:53.732660,639f8d3ad75d52cc18336320
connect.facebook.com,AVAILABILITY,domains.list,domains.list,2022-10-08 10:50:54.559067,639f8d3ad75d52cc18336320
connect.facebook.it,AVAILABILITY,domains.list,domains.list,2022-10-08 10:50:55.308483,639f8d3ad75d52cc18336320
connect.facebook.net,AVAILABILITY,domains.list,domains.list,2022-10-08 10:50:56.044503,639f8d3ad75d52cc18336320
connectivity.fb.com,AVAILABILITY,domains.list,domains.list,2022-10-08 10:50:56.673623,639f8d3ad75d52cc18336320
consumo.messenger.com,AVAILABILITY,domains.list,domains.list,2022-10-08 10:50:57.523270,639f8d3ad75d52cc18336320
content.fb.com,AVAILABILITY,domains.list,domains.list,2022-10-08 10:50:58.356774,639f8d3ad75d52cc18336320
convtrack.facebook.com,AVAILABILITY,domains.list,domains.list,2022-10-08 10:50:59.082115,639f8d3ad75d52cc18336320
cpan.mirror.facebook.net,AVAILABILITY,domains.list,domains.list,2022-10-08 10:50:59.764780,639f8d3ad75d52cc18336320
creative.fb.com,AVAILABILITY,domains.list,domains.list,2022-10-08 10:51:00.597161,639f8d3ad75d52cc18336320
cs-cz.facebook.com,AVAILABILITY,domains.list,domains.list,2022-10-08 10:51:00.968921,639f8d3ad75d52cc18336320
cs-cz.fb.me,AVAILABILITY,domains.list,domains.list,2022-10-08 10:51:01.460859,639f8d3ad75d52cc18336320
cs-cz.messenger.com,AVAILABILITY,domains.list,domains.list,2022-10-08 10:51:01.909284,639f8d3ad75d52cc18336320
csi.messenger.com,AVAILABILITY,domains.list,domains.list,2022-10-08 10:51:02.829200,639f8d3ad75d52cc18336320
cuba.messenger.com,AVAILABILITY,domains.list,domains.list,2022-10-08 10:51:08.735627,639f8d3ad75d52cc18336320
cy-gb.messenger.com,AVAILABILITY,domains.list,domains.list,2022-10-08 10:51:09.098656,639f8d3ad75d52cc18336320
d.facebook.com,AVAILABILITY,domains.list,domains.list,2022-10-08 10:51:09.813894,639f8d3ad75d52cc18336320
d.fb.me,AVAILABILITY,domains.list,domains.list,2022-10-08 10:51:10.572760,639f8d3ad75d52cc18336320
d028.fma.fb.me,AVAILABILITY,domains.list,domains.list,2022-10-08 10:51:11.191420,639f8d3ad75d52cc18336320
da-dk.facebook.com,AVAILABILITY,domains.list,domains.list,2022-10-08 10:51:11.558754,639f8d3ad75d52cc18336320
da-dk.fb.me,AVAILABILITY,domains.list,domains.list,2022-10-08 10:51:11.925520,639f8d3ad75d52cc18336320
da-dk.messenger.com,AVAILABILITY,domains.list,domains.list,2022-10-08 10:51:12.273932,639f8d3ad75d52cc18336320
dataforgood.fb.com,AVAILABILITY,domains.list,domains.list,2022-10-08 10:51:12.895676,639f8d3ad75d52cc18336320
datr.messenger.com,AVAILABILITY,domains.list,domains.list,2022-10-08 10:51:13.754458,639f8d3ad75d52cc18336320
de-de.facebook.com,AVAILABILITY,domains.list,domains.list,2022-10-08 10:51:14.056566,639f8d3ad75d52cc18336320
de-de.messenger.com,AVAILABILITY,domains.list,domains.list,2022-10-08 10:51:14.447714,639f8d3ad75d52cc18336320
deutschland.fb.com,AVAILABILITY,domains.list,domains.list,2022-10-08 10:51:15.041787,639f8d3ad75d52cc18336320
dev.messenger.com,AVAILABILITY,domains.list,domains.list,2022-10-08 10:51:15.816672,639f8d3ad75d52cc18336320
developer.facebook.net,AVAILABILITY,domains.list,domains.list,2022-10-08 10:51:16.532183,639f8d3ad75d52cc18336320
developer.messenger.com,AVAILABILITY,domains.list,domains.list,2022-10-08 10:51:17.422933,639f8d3ad75d52cc18336320
developers.facebook.com,AVAILABILITY,domains.list,domains.list,2022-10-08 10:51:17.985680,639f8d3ad75d52cc18336320
developers.facebook.net,AVAILABILITY,domains.list,domains.list,2022-10-08 10:51:18.624969,639f8d3ad75d52cc18336320
digitaltayo.fb.com,AVAILABILITY,domains.list,domains.list,2022-10-08 10:51:19.512901,639f8d3ad75d52cc18336320
diversity.fb.com,AVAILABILITY,domains.list,domains.list,2022-10-08 10:51:19.984176,639f8d3ad75d52cc18336320
dl.fb.me,AVAILABILITY,domains.list,domains.list,2022-10-08 10:51:20.579505,639f8d3ad75d52cc18336320
donate.fb.com,AVAILABILITY,domains.list,domains.list,2022-10-08 10:51:21.327988,639f8d3ad75d52cc18336320
dr01.snc1.tfbnw.net,AVAILABILITY,domains.list,domains.list,2022-10-08 10:51:41.754292,639f8d3ad75d52cc18336320
dr02.nao1.tfbnw.net,AVAILABILITY,domains.list,domains.list,2022-10-08 10:52:02.208860,639f8d3ad75d52cc18336320
edge-atlas-shv-01-bru2.facebook.com,AVAILABILITY,domains.list,domains.list,2022-10-08 10:52:02.592748,639f8d3ad75d52cc18336320
edge-atlas-shv-01-cdg2.facebook.com,AVAILABILITY,domains.list,domains.list,2022-10-08 10:52:02.904593,639f8d3ad75d52cc18336320
edge-atlas-shv-01-gru1.facebook.com,AVAILABILITY,domains.list,domains.list,2022-10-08 10:52:03.319346,639f8d3ad75d52cc18336320
edge-atlas-shv-01-iad3.facebook.com,AVAILABILITY,domains.list,domains.list,2022-10-08 10:52:03.689317,639f8d3ad75d52cc18336320
edge-atlas-shv-01-mad1.facebook.com,AVAILABILITY,domains.list,domains.list,2022-10-08 10:52:03.993033,639f8d3ad75d52cc18336320
edge-atlas-shv-01-mxp1.facebook.com,AVAILABILITY,domains.list,domains.list,2022-10-08 10:52:04.344619,639f8d3ad75d52cc18336320
edge-atlas-shv-01-nrt1.facebook.com,AVAILABILITY,domains.list,domains.list,2022-10-08 10:52:04.673015,639f8d3ad75d52cc18336320
edge-atlas-shv-01-sea1.facebook.com,AVAILABILITY,domains.list,domains.list,2022-10-08 10:52:04.985673,639f8d3ad75d52cc18336320
edge-atlas-shv-01-vie1.facebook.com,AVAILABILITY,domains.list,domains.list,2022-10-08 10:52:05.378198,639f8d3ad75d52cc18336320
edge-atlas-shv-02-xsp1.facebook.com,AVAILABILITY,domains.list,domains.list,2022-10-08 10:52:05.708083,639f8d3ad75d52cc18336320
edge-chat.facebook.com,AVAILABILITY,domains.list,domains.list,2022-10-08 10:52:06.103413,639f8d3ad75d52cc18336320
edge-chat.messenger.com,AVAILABILITY,domains.list,domains.list,2022-10-08 10:52:06.418583,639f8d3ad75d52cc18336320
edge-mqtt-shv-01-bru2.facebook.com,AVAILABILITY,domains.list,domains.list,2022-10-08 10:52:06.779638,639f8d3ad75d52cc18336320
edge-mqtt-shv-01-cdg2.facebook.com,AVAILABILITY,domains.list,domains.list,2022-10-08 10:52:07.096304,639f8d3ad75d52cc18336320
edge-mqtt-shv-01-gru1.facebook.com,AVAILABILITY,domains.list,domains.list,2022-10-08 10:52:07.474262,639f8d3ad75d52cc18336320
edge-mqtt-shv-01-iad3.facebook.com,AVAILABILITY,domains.list,domains.list,2022-10-08 10:52:07.780851,639f8d3ad75d52cc18336320
edge-mqtt-shv-01-mad1.facebook.com,AVAILABILITY,domains.list,domains.list,2022-10-08 10:52:08.117701,639f8d3ad75d52cc18336320
edge-mqtt-shv-01-mxp1.facebook.com,AVAILABILITY,domains.list,domains.list,2022-10-08 10:52:08.424433,639f8d3ad75d52cc18336320
edge-mqtt-shv-01-nrt1.facebook.com,AVAILABILITY,domains.list,domains.list,2022-10-08 10:52:08.790581,639f8d3ad75d52cc18336320
edge-mqtt-shv-01-sea1.facebook.com,AVAILABILITY,domains.list,domains.list,2022-10-08 10:52:09.094309,639f8d3ad75d52cc18336320
edge-mqtt-shv-01-tpe1.facebook.com,AVAILABILITY,domains.list,domains.list,2022-10-08 10:52:09.422293,639f8d3ad75d52cc18336320
edge-mqtt-shv-01-vie1.facebook.com,AVAILABILITY,domains.list,domains.list,2022-10-08 10:52:09.719169,639f8d3ad75d52cc18336320
edge-mqtt.facebook.com,AVAILABILITY,domains.list,domains.list,2022-10-08 10:52:10.092277,639f8d3ad75d52cc18336320
edge-oculus-shv-01-lga3.fbcdn.net,AVAILABILITY,domains.list,domains.list,2022-10-08 10:52:10.418770,639f8d3ad75d52cc18336320
edge-oculus-shv-01-mia3.fbcdn.net,AVAILABILITY,domains.list,domains.list,2022-10-08 10:52:10.773469,639f8d3ad75d52cc18336320
edge-oculus-shv-01-sea1.fbcdn.net,AVAILABILITY,domains.list,domains.list,2022-10-08 10:52:11.121179,639f8d3ad75d52cc18336320
edge-oculus-shv-01-yyz1.fbcdn.net,AVAILABILITY,domains.list,domains.list,2022-10-08 10:52:11.461646,639f8d3ad75d52cc18336320
edge-sonar-mini-shv-01-bru2.fbcdn.net,AVAILABILITY,domains.list,domains.list,2022-10-08 10:52:12.608831,639f8d3ad75d52cc18336320
edge-sonar-mini-shv-01-ort2.fbcdn.net,AVAILABILITY,domains.list,domains.list,2022-10-08 10:52:13.053435,639f8d3ad75d52cc18336320
edge-sonar-mini-shv-01-xsp1.fbcdn.net,AVAILABILITY,domains.list,domains.list,2022-10-08 10:52:13.350347,639f8d3ad75d52cc18336320
edge-star-mini-shv-01-ort2.facebook.com,AVAILABILITY,domains.list,domains.list,2022-10-08 10:52:13.702302,639f8d3ad75d52cc18336320
edge-star-mini-shv-02-ort2.facebook.com,AVAILABILITY,domains.list,domains.list,2022-10-08 10:52:14.058927,639f8d3ad75d52cc18336320
edge-star-shv-01-arn2.facebook.com,AVAILABILITY,domains.list,domains.list,2022-10-08 10:52:14.514687,639f8d3ad75d52cc18336320
edge-star-shv-01-atl3.facebook.com,AVAILABILITY,domains.list,domains.list,2022-10-08 10:52:14.847474,639f8d3ad75d52cc18336320
edge-star-shv-01-cdg2.facebook.com,AVAILABILITY,domains.list,domains.list,2022-10-08 10:52:15.204043,639f8d3ad75d52cc18336320
edge-star-shv-01-iad3.facebook.com,AVAILABILITY,domains.list,domains.list,2022-10-08 10:52:15.618916,639f8d3ad75d52cc18336320
edge-star-shv-01-lga3.facebook.com,AVAILABILITY,domains.list,domains.list,2022-10-08 10:52:16.025134,639f8d3ad75d52cc18336320
edge-stun.facebook.com,AVAILABILITY,domains.list,domains.list,2022-10-08 10:52:16.381719,639f8d3ad75d52cc18336320
edge-video-shv-01-arn2.fbcdn.net,AVAILABILITY,domains.list,domains.list,2022-10-08 10:52:16.743937,639f8d3ad75d52cc18336320
edge-video-shv-01-cgk1.fbcdn.net,AVAILABILITY,domains.list,domains.list,2022-10-08 10:52:17.059616,639f8d3ad75d52cc18336320
edge-video-shv-01-dfw5.fbcdn.net,AVAILABILITY,domains.list,domains.list,2022-10-08 10:52:17.394932,639f8d3ad75d52cc18336320
edge-video-shv-01-hkt1.fbcdn.net,AVAILABILITY,domains.list,domains.list,2022-10-08 10:52:17.864954,639f8d3ad75d52cc18336320
edge-video-shv-01-lhr8.fbcdn.net,AVAILABILITY,domains.list,domains.list,2022-10-08 10:52:18.160856,639f8d3ad75d52cc18336320
edge-video-shv-01-yyz1.fbcdn.net,AVAILABILITY,domains.list,domains.list,2022-10-08 10:52:18.468370,639f8d3ad75d52cc18336320
edge-video-shv-02-sin6.fbcdn.net,AVAILABILITY,domains.list,domains.list,2022-10-08 10:52:18.799182,639f8d3ad75d52cc18336320
edge.messenger.com,AVAILABILITY,domains.list,domains.list,2022-10-08 10:52:19.644974,639f8d3ad75d52cc18336320
edgeray-shv-01-bru2.facebook.com,AVAILABILITY,domains.list,domains.list,2022-10-08 10:52:20.055934,639f8d3ad75d52cc18336320
edgeray-shv-01-cdg2.facebook.com,AVAILABILITY,domains.list,domains.list,2022-10-08 10:52:20.391244,639f8d3ad75d52cc18336320
edgeray-shv-01-gru1.facebook.com,AVAILABILITY,domains.list,domains.list,2022-10-08 10:52:20.805328,639f8d3ad75d52cc18336320
edgeray-shv-01-iad3.facebook.com,AVAILABILITY,domains.list,domains.list,2022-10-08 10:52:21.128105,639f8d3ad75d52cc18336320
edgeray-shv-01-mad1.facebook.com,AVAILABILITY,domains.list,domains.list,2022-10-08 10:52:21.533472,639f8d3ad75d52cc18336320
edgeray-shv-01-mxp1.facebook.com,AVAILABILITY,domains.list,domains.list,2022-10-08 10:52:21.855309,639f8d3ad75d52cc18336320
edgeray-shv-01-sea1.facebook.com,AVAILABILITY,domains.list,domains.list,2022-10-08 10:52:22.261462,639f8d3ad75d52cc18336320
edgeray-shv-01-vie1.facebook.com,AVAILABILITY,domains.list,domains.list,2022-10-08 10:52:22.665148,639f8d3ad75d52cc18336320
ehrenamt.fb.com,AVAILABILITY,domains.list,domains.list,2022-10-08 10:52:23.419199,639f8d3ad75d52cc18336320
el-gr.ar-ar.fb.me,AVAILABILITY,domains.list,domains.list,2022-10-08 10:52:23.781047,639f8d3ad75d52cc18336320
el-gr.facebook.com,AVAILABILITY,domains.list,domains.list,2022-10-08 10:52:24.121770,639f8d3ad75d52cc18336320
el-gr.fb.me,AVAILABILITY,domains.list,domains.list,2022-10-08 10:52:24.475380,639f8d3ad75d52cc18336320
el-gr.messenger.com,AVAILABILITY,domains.list,domains.list,2022-10-08 10:52:24.883561,639f8d3ad75d52cc18336320
el-gr.pt-br.fb.me,AVAILABILITY,domains.list,domains.list,2022-10-08 10:52:25.282916,639f8d3ad75d52cc18336320
emily.m.me,AVAILABILITY,domains.list,domains.list,2022-10-08 10:52:25.904924,639f8d3ad75d52cc18336320
en-gb.facebook.com,AVAILABILITY,domains.list,domains.list,2022-10-08 10:52:26.316113,639f8d3ad75d52cc18336320
en-gb.messenger.com,AVAILABILITY,domains.list,domains.list,2022-10-08 10:52:26.707369,639f8d3ad75d52cc18336320
en.fb.me,AVAILABILITY,domains.list,domains.list,2022-10-08 10:52:27.450698,639f8d3ad75d52cc18336320
engineering.fb.com,AVAILABILITY,domains.list,domains.list,2022-10-08 10:52:27.912779,639f8d3ad75d52cc18336320
eni.facebook.com,AVAILABILITY,domains.list,domains.list,2022-10-08 10:52:28.868142,639f8d3ad75d52cc18336320
enterpriseenrollment.fb.com,AVAILABILITY,domains.list,domains.list,2022-10-08 10:52:29.409322,639f8d3ad75d52cc18336320
error.facebook.com,AVAILABILITY,domains.list,domains.list,2022-10-08 10:52:29.946927,639f8d3ad75d52cc18336320
es-es.facebook.com,AVAILABILITY,domains.list,domains.list,2022-10-08 10:52:30.340385,639f8d3ad75d52cc18336320
es-es.messenger.com,AVAILABILITY,domains.list,domains.list,2022-10-08 10:52:30.655890,639f8d3ad75d52cc18336320
es-la.facebook.com,AVAILABILITY,domains.list,domains.list,2022-10-08 10:52:30.952463,639f8d3ad75d52cc18336320
es-la.messenger.com,AVAILABILITY,domains.list,domains.list,2022-10-08 10:52:31.324186,639f8d3ad75d52cc18336320
es.newsroom.fb.com,AVAILABILITY,domains.list,domains.list,2022-10-08 10:52:31.858471,639f8d3ad75d52cc18336320
espana.fb.com,AVAILABILITY,domains.list,domains.list,2022-10-08 10:52:32.813237,639f8d3ad75d52cc18336320
et-ee.facebook.com,AVAILABILITY,domains.list,domains.list,2022-10-08 10:52:33.137157,639f8d3ad75d52cc18336320
eu-es.fb.me,AVAILABILITY,domains.list,domains.list,2022-10-08 10:52:33.502689,639f8d3ad75d52cc18336320
external-cdt1-1.xx.fbcdn.net,AVAILABILITY,domains.list,domains.list,2022-10-08 10:52:33.808584,639f8d3ad75d52cc18336320
external-frt3-2.xx.fbcdn.net,AVAILABILITY,domains.list,domains.list,2022-10-08 10:52:34.186612,639f8d3ad75d52cc18336320
external-iad3-1.xx.fbcdn.net,AVAILABILITY,domains.list,domains.list,2022-10-08 10:52:34.637052,639f8d3ad75d52cc18336320
external-lga3-2.xx.fbcdn.net,AVAILABILITY,domains.list,domains.list,2022-10-08 10:52:34.982316,639f8d3ad75d52cc18336320
external-ort2-1.xx.fbcdn.net,AVAILABILITY,domains.list,domains.list,2022-10-08 10:52:35.548844,639f8d3ad75d52cc18336320
external.fapa1-1.fna.fbcdn.net,AVAILABILITY,domains.list,domains.list,2022-10-08 10:52:35.853544,639f8d3ad75d52cc18336320
external.fauh1-1.fna.fbcdn.net,AVAILABILITY,domains.list,domains.list,2022-10-08 10:52:36.276857,639f8d3ad75d52cc18336320
external.fbkk10-1.fna.fbcdn.net,AVAILABILITY,domains.list,domains.list,2022-10-08 10:52:36.637932,639f8d3ad75d52cc18336320
external.fkul10-1.fna.fbcdn.net,AVAILABILITY,domains.list,domains.list,2022-10-08 10:52:37.008713,639f8d3ad75d52cc18336320
external.fkul8-1.fna.fbcdn.net,AVAILABILITY,domains.list,domains.list,2022-10-08 10:52:37.465175,639f8d3ad75d52cc18336320
external.fmaa1-1.fna.fbcdn.net,AVAILABILITY,domains.list,domains.list,2022-10-08 10:52:37.817604,639f8d3ad75d52cc18336320
external.fmex5-1.fna.fbcdn.net,AVAILABILITY,domains.list,domains.list,2022-10-08 10:52:38.176015,639f8d3ad75d52cc18336320
external.fmnl10-1.fna.fbcdn.net,AVAILABILITY,domains.list,domains.list,2022-10-08 10:52:38.571914,639f8d3ad75d52cc18336320
external.fpra1-1.fna.fbcdn.net,AVAILABILITY,domains.list,domains.list,2022-10-08 10:52:38.875204,639f8d3ad75d52cc18336320
external.frec10-1.fna.fbcdn.net,AVAILABILITY,domains.list,domains.list,2022-10-08 10:52:39.222757,639f8d3ad75d52cc18336320
external.fsdu10-1.fna.fbcdn.net,AVAILABILITY,domains.list,domains.list,2022-10-08 10:52:39.564230,639f8d3ad75d52cc18336320
external.fsdu11-1.fna.fbcdn.net,AVAILABILITY,domains.list,domains.list,2022-10-08 10:52:39.913594,639f8d3ad75d52cc18336320
external.ftlm1-1.fna.fbcdn.net,AVAILABILITY,domains.list,domains.list,2022-10-08 10:52:40.252306,639f8d3ad75d52cc18336320
external.ftlm1-2.fna.fbcdn.net,AVAILABILITY,domains.list,domains.list,2022-10-08 10:52:40.560910,639f8d3ad75d52cc18336320
external.ftpa1-1.fna.fbcdn.net,AVAILABILITY,domains.list,domains.list,2022-10-08 10:52:40.887070,639f8d3ad75d52cc18336320
external.fvit1-1.fna.fbcdn.net,AVAILABILITY,domains.list,domains.list,2022-10-08 10:52:41.227431,639f8d3ad75d52cc18336320
external.xx.fbcdn.net,AVAILABILITY,domains.list,domains.list,2022-10-08 10:52:41.615583,639f8d3ad75d52cc18336320
f.m.me,AVAILABILITY,domains.list,domains.list,2022-10-08 10:52:42.244968,639f8d3ad75d52cc18336320
f.messenger.com,AVAILABILITY,domains.list,domains.list,2022-10-08 10:52:42.951224,639f8d3ad75d52cc18336320
f1-dev.fb.com,AVAILABILITY,domains.list,domains.list,2022-10-08 10:52:43.451520,639f8d3ad75d52cc18336320
f1-preprod.fb.com,AVAILABILITY,domains.list,domains.list,2022-10-08 10:52:43.827240,639f8d3ad75d52cc18336320
f6eec677a80kdno4pyq-kxornjlf1521512613-sonar.xz.fbcdn.net,AVAILABILITY,domains.list,domains.list,2022-10-08 10:52:44.213919,639f8d3ad75d52cc18336320
fa-ir.fb.me,AVAILABILITY,domains.list,domains.list,2022-10-08 10:52:44.699422,639f8d3ad75d52cc18336320
facebook-web-clients.appspot.com,AVAILABILITY,domains.list,domains.list,2022-10-08 10:52:45.206348,639f8d3ad75d52cc18336320
facebook.com,AVAILABILITY,domains.list,domains.list,2022-10-08 10:52:45.883301,639f8d3ad75d52cc18336320
facebook.fb.me,AVAILABILITY,domains.list,domains.list,2022-10-08 10:52:46.619806,639f8d3ad75d52cc18336320
facebook.messenger.com,AVAILABILITY,domains.list,domains.list,2022-10-08 10:52:47.390740,639f8d3ad75d52cc18336320
falabella.facebook.com,AVAILABILITY,domains.list,domains.list,2022-10-08 10:52:48.360646,639f8d3ad75d52cc18336320
fb.com,AVAILABILITY,domains.list,domains.list,2022-10-08 10:52:49.016535,639f8d3ad75d52cc18336320
fb.m.beta.messenger.com,AVAILABILITY,domains.list,domains.list,2022-10-08 10:52:50.109062,639f8d3ad75d52cc18336320
fb.me,AVAILABILITY,domains.list,domains.list,2022-10-08 10:52:50.683165,639f8d3ad75d52cc18336320
fb.messenger.com,AVAILABILITY,domains.list,domains.list,2022-10-08 10:52:51.625658,639f8d3ad75d52cc18336320
fb4708f8e80kdno4pyq-bigworkf1521512717-sonar.xz.fbcdn.net,AVAILABILITY,domains.list,domains.list,2022-10-08 10:52:51.953458,639f8d3ad75d52cc18336320
fbcdn-profile-a.akamaihd.net,AVAILABILITY,domains.list,domains.list,2022-10-08 10:52:52.263760,639f8d3ad75d52cc18336320
fbcdn.com,AVAILABILITY,domains.list,domains.list,2022-10-08 10:52:52.905422,639f8d3ad75d52cc18336320
fbcdn.net,AVAILABILITY,domains.list,domains.list,2022-10-08 10:52:53.592046,639f8d3ad75d52cc18336320
fbindia.fb.com,AVAILABILITY,domains.list,domains.list,2022-10-08 10:52:56.752695,639f8d3ad75d52cc18336320
fbjs.facebook.com,AVAILABILITY,domains.list,domains.list,2022-10-08 10:52:57.619364,639f8d3ad75d52cc18336320
fbsbx.com,AVAILABILITY,domains.list,domains.list,2022-10-08 10:52:58.085056,639f8d3ad75d52cc18336320
fbstatic-a.akamaihd.net,AVAILABILITY,domains.list,domains.list,2022-10-08 10:52:58.430601,639f8d3ad75d52cc18336320
fedora.mirror.facebook.net,AVAILABILITY,domains.list,domains.list,2022-10-08 10:52:59.038359,639f8d3ad75d52cc18336320
feedback.messenger.com,AVAILABILITY,domains.list,domains.list,2022-10-08 10:52:59.906453,639f8d3ad75d52cc18336320
fi-fi.facebook.com,AVAILABILITY,domains.list,domains.list,2022-10-08 10:53:00.325309,639f8d3ad75d52cc18336320
fi-fi.fb.me,AVAILABILITY,domains.list,domains.list,2022-10-08 10:53:00.660339,639f8d3ad75d52cc18336320
fi-fi.id-id.fb.me,AVAILABILITY,domains.list,domains.list,2022-10-08 10:53:01.031787,639f8d3ad75d52cc18336320
fi-fi.messenger.com,AVAILABILITY,domains.list,domains.list,2022-10-08 10:53:01.380828,639f8d3ad75d52cc18336320
fma.fb.me,AVAILABILITY,domains.list,domains.list,2022-10-08 10:53:02.182914,639f8d3ad75d52cc18336320
fna-fbcdn-shv-01-fapa1.fbcdn.net,AVAILABILITY,domains.list,domains.list,2022-10-08 10:53:02.602152,639f8d3ad75d52cc18336320
fna-fbcdn-shv-01-fmaa1.fbcdn.net,AVAILABILITY,domains.list,domains.list,2022-10-08 10:53:03.221181,639f8d3ad75d52cc18336320
fna-fbcdn-shv-02-fdet1.fbcdn.net,AVAILABILITY,domains.list,domains.list,2022-10-08 10:53:03.634229,639f8d3ad75d52cc18336320
fna-fbcdn-video-shv-01-fapa1.fbcdn.net,AVAILABILITY,domains.list,domains.list,2022-10-08 10:53:03.950380,639f8d3ad75d52cc18336320
fna-fbcdn-video-shv-01-ffjr1.fbcdn.net,AVAILABILITY,domains.list,domains.list,2022-10-08 10:53:04.463788,639f8d3ad75d52cc18336320
fna-instagram-shv-01-fpat2.fbcdn.net,AVAILABILITY,domains.list,domains.list,2022-10-08 10:53:04.865323,639f8d3ad75d52cc18336320
fna.fbcdn.net,AVAILABILITY,domains.list,domains.list,2022-10-08 10:53:05.350345,639f8d3ad75d52cc18336320
fo-fo.facebook.com,AVAILABILITY,domains.list,domains.list,2022-10-08 10:53:05.661653,639f8d3ad75d52cc18336320
formation.fb.com,AVAILABILITY,domains.list,domains.list,2022-10-08 10:53:06.363149,639f8d3ad75d52cc18336320
fr-ca.facebook.com,AVAILABILITY,domains.list,domains.list,2022-10-08 10:53:06.718668,639f8d3ad75d52cc18336320
fr-ca.messenger.com,AVAILABILITY,domains.list,domains.list,2022-10-08 10:53:07.068287,639f8d3ad75d52cc18336320
fr-fr.facebook.com,AVAILABILITY,domains.list,domains.list,2022-10-08 10:53:07.496334,639f8d3ad75d52cc18336320
fr-fr.messenger.com,AVAILABILITY,domains.list,domains.list,2022-10-08 10:53:07.809803,639f8d3ad75d52cc18336320
fr-fr.zh-tw.www.on.fb.me,AVAILABILITY,domains.list,domains.list,2022-10-08 10:53:08.135162,639f8d3ad75d52cc18336320
fr.msn.messenger.com,AVAILABILITY,domains.list,domains.list,2022-10-08 10:53:13.985607,639f8d3ad75d52cc18336320
frc-fsoutpost.fb.com,AVAILABILITY,domains.list,domains.list,2022-10-08 10:53:14.612875,639f8d3ad75d52cc18336320
frc-vsp.fb.com,AVAILABILITY,domains.list,domains.list,2022-10-08 10:53:14.988014,639f8d3ad75d52cc18336320
free.basic.fb.me,AVAILABILITY,domains.list,domains.list,2022-10-08 10:53:15.594327,639f8d3ad75d52cc18336320
free.facebook.com,AVAILABILITY,domains.list,domains.list,2022-10-08 10:53:16.540838,639f8d3ad75d52cc18336320
free.fb.com,AVAILABILITY,domains.list,domains.list,2022-10-08 10:53:17.126970,639f8d3ad75d52cc18336320
freebasic.messenger.com,AVAILABILITY,domains.list,domains.list,2022-10-08 10:53:17.982443,639f8d3ad75d52cc18336320
fsoutpost.fb.com,AVAILABILITY,domains.list,domains.list,2022-10-08 10:53:38.625012,639f8d3ad75d52cc18336320
ftp.fb.me,AVAILABILITY,domains.list,domains.list,2022-10-08 10:53:39.373444,639f8d3ad75d52cc18336320
fy-nl.messenger.com,AVAILABILITY,domains.list,domains.list,2022-10-08 10:53:39.800769,639f8d3ad75d52cc18336320
g.m.me,AVAILABILITY,domains.list,domains.list,2022-10-08 10:53:40.442101,639f8d3ad75d52cc18336320
garena.messenger.com,AVAILABILITY,domains.list,domains.list,2022-10-08 10:53:47.435384,639f8d3ad75d52cc18336320
gateway.facebook.com,AVAILABILITY,domains.list,domains.list,2022-10-08 10:53:47.885466,639f8d3ad75d52cc18336320
ge-chat.messenger.com,AVAILABILITY,domains.list,domains.list,2022-10-08 10:53:48.249861,639f8d3ad75d52cc18336320
gente.messenger.com,AVAILABILITY,domains.list,domains.list,2022-10-08 10:53:49.143780,639f8d3ad75d52cc18336320
gforce.facebook.com,AVAILABILITY,domains.list,domains.list,2022-10-08 10:53:49.762701,639f8d3ad75d52cc18336320
gl-es.bs-ba.fb.me,AVAILABILITY,domains.list,domains.list,2022-10-08 10:53:50.080876,639f8d3ad75d52cc18336320
globe-telegram.messenger.com,AVAILABILITY,domains.list,domains.list,2022-10-08 10:53:50.396996,639f8d3ad75d52cc18336320
govtrequests.facebook.com,AVAILABILITY,domains.list,domains.list,2022-10-08 10:53:50.871104,639f8d3ad75d52cc18336320
grab.facebook.com,AVAILABILITY,domains.list,domains.list,2022-10-08 10:53:51.866440,639f8d3ad75d52cc18336320
graph-fallback.facebook.com,AVAILABILITY,domains.list,domains.list,2022-10-08 10:53:52.202593,639f8d3ad75d52cc18336320
graph.alpha.facebook.com,AVAILABILITY,domains.list,domains.list,2022-10-08 10:53:52.708897,639f8d3ad75d52cc18336320
graph.facebook.com,AVAILABILITY,domains.list,domains.list,2022-10-08 10:53:53.102206,639f8d3ad75d52cc18336320
graph.fb.me,AVAILABILITY,domains.list,domains.list,2022-10-08 10:53:53.529133,639f8d3ad75d52cc18336320
groupcls.facebook.com,AVAILABILITY,domains.list,domains.list,2022-10-08 10:53:54.477616,639f8d3ad75d52cc18336320
gs.fb.com,AVAILABILITY,domains.list,domains.list,2022-10-08 10:53:55.515572,639f8d3ad75d52cc18336320
gyron.facebook.com,AVAILABILITY,domains.list,domains.list,2022-10-08 10:54:16.275688,639f8d3ad75d52cc18336320
h.fb.com,AVAILABILITY,domains.list,domains.list,2022-10-08 10:54:17.131159,639f8d3ad75d52cc18336320
h.fb.me,AVAILABILITY,domains.list,domains.list,2022-10-08 10:54:17.978913,639f8d3ad75d52cc18336320
h.m.me,AVAILABILITY,domains.list,domains.list,2022-10-08 10:54:18.550620,639f8d3ad75d52cc18336320
he-il.el-gr.fb.me,AVAILABILITY,domains.list,domains.list,2022-10-08 10:54:18.968406,639f8d3ad75d52cc18336320
he-il.facebook.com,AVAILABILITY,domains.list,domains.list,2022-10-08 10:54:19.311056,639f8d3ad75d52cc18336320
he-il.fb.me,AVAILABILITY,domains.list,domains.list,2022-10-08 10:54:19.717895,639f8d3ad75d52cc18336320
helpdesk.tfbnw.net,AVAILABILITY,domains.list,domains.list,2022-10-08 10:54:40.154693,639f8d3ad75d52cc18336320
hi-in.facebook.com,AVAILABILITY,domains.list,domains.list,2022-10-08 10:54:40.635927,639f8d3ad75d52cc18336320
hi-in.messenger.com,AVAILABILITY,domains.list,domains.list,2022-10-08 10:54:40.940249,639f8d3ad75d52cc18336320
hi5.messenger.com,AVAILABILITY,domains.list,domains.list,2022-10-08 10:54:41.722043,639f8d3ad75d52cc18336320
hostlink.fb.me,AVAILABILITY,domains.list,domains.list,2022-10-08 10:54:42.386718,639f8d3ad75d52cc18336320
hotline.fb.me,AVAILABILITY,domains.list,domains.list,2022-10-08 10:54:42.984900,639f8d3ad75d52cc18336320
hr-hr.facebook.com,AVAILABILITY,domains.list,domains.list,2022-10-08 10:54:43.393310,639f8d3ad75d52cc18336320
hr-hr.vi-vn.fb.me,AVAILABILITY,domains.list,domains.list,2022-10-08 10:54:43.697207,639f8d3ad75d52cc18336320
http.messenger.com,AVAILABILITY,domains.list,domains.list,2022-10-08 10:54:44.451556,639f8d3ad75d52cc18336320
hu-hu.facebook.com,AVAILABILITY,domains.list,domains.list,2022-10-08 10:54:44.777482,639f8d3ad75d52cc18336320
hu-hu.messenger.com,AVAILABILITY,domains.list,domains.list,2022-10-08 10:54:45.086181,639f8d3ad75d52cc18336320
huawei.facebook.com,AVAILABILITY,domains.list,domains.list,2022-10-08 10:54:45.691722,639f8d3ad75d52cc18336320
i.messenger.com,AVAILABILITY,domains.list,domains.list,2022-10-08 10:54:46.492996,639f8d3ad75d52cc18336320
id-id.facebook.com,AVAILABILITY,domains.list,domains.list,2022-10-08 10:54:46.845472,639f8d3ad75d52cc18336320
id-id.fb.me,AVAILABILITY,domains.list,domains.list,2022-10-08 10:54:47.279937,639f8d3ad75d52cc18336320
id-id.messenger.com,AVAILABILITY,domains.list,domains.list,2022-10-08 10:54:47.709477,639f8d3ad75d52cc18336320
imap4.messenger.com,AVAILABILITY,domains.list,domains.list,2022-10-08 10:54:48.608528,639f8d3ad75d52cc18336320
impara-uspreprod.fb.com,AVAILABILITY,domains.list,domains.list,2022-10-08 10:54:48.923547,639f8d3ad75d52cc18336320
in.fb.me,AVAILABILITY,domains.list,domains.list,2022-10-08 10:54:49.608518,639f8d3ad75d52cc18336320
indiaeconomy.fb.com,AVAILABILITY,domains.list,domains.list,2022-10-08 10:54:50.147981,639f8d3ad75d52cc18336320
indonesia.fb.com,AVAILABILITY,domains.list,domains.list,2022-10-08 10:54:50.812156,639f8d3ad75d52cc18336320
instagram-p15-shv-01-iad3.fbcdn.net,AVAILABILITY,domains.list,domains.list,2022-10-08 10:54:51.198572,639f8d3ad75d52cc18336320
instagram-p3-shv-01-arn2.fbcdn.net,AVAILABILITY,domains.list,domains.list,2022-10-08 10:54:51.702649,639f8d3ad75d52cc18336320
instagram-p3-shv-01-atl3.fbcdn.net,AVAILABILITY,domains.list,domains.list,2022-10-08 10:54:52.017339,639f8d3ad75d52cc18336320
instagram-p3-shv-01-bru2.fbcdn.net,AVAILABILITY,domains.list,domains.list,2022-10-08 10:54:52.327694,639f8d3ad75d52cc18336320
instagram-p3-shv-01-cdg2.fbcdn.net,AVAILABILITY,domains.list,domains.list,2022-10-08 10:54:52.628241,639f8d3ad75d52cc18336320
instagram-p3-shv-01-cdt1.fbcdn.net,AVAILABILITY,domains.list,domains.list,2022-10-08 10:54:52.941267,639f8d3ad75d52cc18336320
instagram-p3-shv-01-frt3.fbcdn.net,AVAILABILITY,domains.list,domains.list,2022-10-08 10:54:53.302076,639f8d3ad75d52cc18336320
instagram-p3-shv-01-iad3.fbcdn.net,AVAILABILITY,domains.list,domains.list,2022-10-08 10:54:53.784664,639f8d3ad75d52cc18336320
instagram-p3-shv-01-kut2.fbcdn.net,AVAILABILITY,domains.list,domains.list,2022-10-08 10:54:54.087448,639f8d3ad75d52cc18336320
instagram-p3-shv-01-lax3.fbcdn.net,AVAILABILITY,domains.list,domains.list,2022-10-08 10:54:54.402343,639f8d3ad75d52cc18336320
instagram-p3-shv-01-lga3.fbcdn.net,AVAILABILITY,domains.list,domains.list,2022-10-08 10:54:54.702896,639f8d3ad75d52cc18336320
instagram-p3-shv-01-mad1.fbcdn.net,AVAILABILITY,domains.list,domains.list,2022-10-08 10:54:55.084040,639f8d3ad75d52cc18336320
instagram-p3-shv-01-mxp1.fbcdn.net,AVAILABILITY,domains.list,domains.list,2022-10-08 10:54:55.406428,639f8d3ad75d52cc18336320
instagram-p3-shv-01-nrt1.fbcdn.net,AVAILABILITY,domains.list,domains.list,2022-10-08 10:54:55.716657,639f8d3ad75d52cc18336320
instagram-p3-shv-01-ort2.fbcdn.net,AVAILABILITY,domains.list,domains.list,2022-10-08 10:54:56.077212,639f8d3ad75d52cc18336320
instagram-p3-shv-01-sea1.fbcdn.net,AVAILABILITY,domains.list,domains.list,2022-10-08 10:54:56.400784,639f8d3ad75d52cc18336320
instagram-p3-shv-01-sin6.fbcdn.net,AVAILABILITY,domains.list,domains.list,2022-10-08 10:54:56.781538,639f8d3ad75d52cc18336320
instagram-p3-shv-01-sjc3.fbcdn.net,AVAILABILITY,domains.list,domains.list,2022-10-08 10:54:57.141699,639f8d3ad75d52cc18336320
instagram-p3-shv-01-vie1.fbcdn.net,AVAILABILITY,domains.list,domains.list,2022-10-08 10:54:57.510427,639f8d3ad75d52cc18336320
instagram-p3-shv-01-waw1.fbcdn.net,AVAILABILITY,domains.list,domains.list,2022-10-08 10:54:57.884983,639f8d3ad75d52cc18336320
instagram-p3-shv-01-xsp1.fbcdn.net,AVAILABILITY,domains.list,domains.list,2022-10-08 10:54:58.280523,639f8d3ad75d52cc18336320
instagram-p3-shv-01-yyz1.fbcdn.net,AVAILABILITY,domains.list,domains.list,2022-10-08 10:54:58.578072,639f8d3ad75d52cc18336320
instagram-p3-shv-02-frt3.fbcdn.net,AVAILABILITY,domains.list,domains.list,2022-10-08 10:54:58.878723,639f8d3ad75d52cc18336320
instagram-p3-shv-02-lax3.fbcdn.net,AVAILABILITY,domains.list,domains.list,2022-10-08 10:54:59.202510,639f8d3ad75d52cc18336320
instagram-p3-shv-02-ort2.fbcdn.net,AVAILABILITY,domains.list,domains.list,2022-10-08 10:54:59.516091,639f8d3ad75d52cc18336320
instagram-p3-shv-02-sin6.fbcdn.net,AVAILABILITY,domains.list,domains.list,2022-10-08 10:54:59.939632,639f8d3ad75d52cc18336320
instagram-p42-shv-01-cdt1.fbcdn.net,AVAILABILITY,domains.list,domains.list,2022-10-08 10:55:00.386416,639f8d3ad75d52cc18336320
instagram-p42-shv-01-cgk1.fbcdn.net,AVAILABILITY,domains.list,domains.list,2022-10-08 10:55:00.828784,639f8d3ad75d52cc18336320
instagram-p42-shv-01-hkt1.fbcdn.net,AVAILABILITY,domains.list,domains.list,2022-10-08 10:55:01.198902,639f8d3ad75d52cc18336320
instagram-p42-shv-01-iad3.fbcdn.net,AVAILABILITY,domains.list,domains.list,2022-10-08 10:55:01.638739,639f8d3ad75d52cc18336320
instagram-p42-shv-01-lga3.fbcdn.net,AVAILABILITY,domains.list,domains.list,2022-10-08 10:55:01.960014,639f8d3ad75d52cc18336320
instagram.c10r.facebook.com,AVAILABILITY,domains.list,domains.list,2022-10-08 10:55:02.556473,639f8d3ad75d52cc18336320
instagram.facc1-1.fna.fbcdn.net,AVAILABILITY,domains.list,domains.list,2022-10-08 10:55:03.061451,639f8d3ad75d52cc18336320
instagram.fbom10-1.fna.fbcdn.net,AVAILABILITY,domains.list,domains.list,2022-10-08 10:55:03.705528,639f8d3ad75d52cc18336320
instagram.fbom11-1.fna.fbcdn.net,AVAILABILITY,domains.list,domains.list,2022-10-08 10:55:04.107688,639f8d3ad75d52cc18336320
instagram.fbsb1-1.fna.fbcdn.net,AVAILABILITY,domains.list,domains.list,2022-10-08 10:55:04.457449,639f8d3ad75d52cc18336320
instagram.fbsb10-1.fna.fbcdn.net,AVAILABILITY,domains.list,domains.list,2022-10-08 10:55:04.853203,639f8d3ad75d52cc18336320
instagram.fbsb11-1.fna.fbcdn.net,AVAILABILITY,domains.list,domains.list,2022-10-08 10:55:05.192743,639f8d3ad75d52cc18336320
instagram.fcac1-1.fna.fbcdn.net,AVAILABILITY,domains.list,domains.list,2022-10-08 10:55:05.637287,639f8d3ad75d52cc18336320
instagram.fplu10-1.fna.fbcdn.net,AVAILABILITY,domains.list,domains.list,2022-10-08 10:55:06.064495,639f8d3ad75d52cc18336320
instagram.fplu11-1.fna.fbcdn.net,AVAILABILITY,domains.list,domains.list,2022-10-08 10:55:06.433579,639f8d3ad75d52cc18336320
instagram.fpoa1-1.fna.fbcdn.net,AVAILABILITY,domains.list,domains.list,2022-10-08 10:55:06.809029,639f8d3ad75d52cc18336320
instagram.fpoa10-1.fna.fbcdn.net,AVAILABILITY,domains.list,domains.list,2022-10-08 10:55:07.124600,639f8d3ad75d52cc18336320
instagram.fpoa11-1.fna.fbcdn.net,AVAILABILITY,domains.list,domains.list,2022-10-08 10:55:07.498152,639f8d3ad75d52cc18336320
instagram.fppb1-1.fna.fbcdn.net,AVAILABILITY,domains.list,domains.list,2022-10-08 10:55:07.802748,639f8d3ad75d52cc18336320
instagram.fpra1-1.fna.fbcdn.net,AVAILABILITY,domains.list,domains.list,2022-10-08 10:55:08.116994,639f8d3ad75d52cc18336320
instagram.fsdu10-1.fna.fbcdn.net,AVAILABILITY,domains.list,domains.list,2022-10-08 10:55:08.520695,639f8d3ad75d52cc18336320
instagram.fsdu11-1.fna.fbcdn.net,AVAILABILITY,domains.list,domains.list,2022-10-08 10:55:08.856641,639f8d3ad75d52cc18336320
instagram.fssa1-1.fna.fbcdn.net,AVAILABILITY,domains.list,domains.list,2022-10-08 10:55:09.182477,639f8d3ad75d52cc18336320
instagram.fssa10-1.fna.fbcdn.net,AVAILABILITY,domains.list,domains.list,2022-10-08 10:55:09.574584,639f8d3ad75d52cc18336320
instagram.fssa11-1.fna.fbcdn.net,AVAILABILITY,domains.list,domains.list,2022-10-08 10:55:10.027177,639f8d3ad75d52cc18336320
instagram.fsub1-1.fna.fbcdn.net,AVAILABILITY,domains.list,domains.list,2022-10-08 10:55:10.402896,639f8d3ad75d52cc18336320
instagram.fwaw3-1.fna.fbcdn.net,AVAILABILITY,domains.list,domains.list,2022-10-08 10:55:11.017300,639f8d3ad75d52cc18336320
instagram.fyka1-1.fna.fbcdn.net,AVAILABILITY,domains.list,domains.list,2022-10-08 10:55:11.347007,639f8d3ad75d52cc18336320
instagramstatic-a.akamaihd.net,AVAILABILITY,domains.list,domains.list,2022-10-08 10:55:11.690003,639f8d3ad75d52cc18336320
instantarticles.fb.com,AVAILABILITY,domains.list,domains.list,2022-10-08 10:55:12.332960,639f8d3ad75d52cc18336320
intern.messenger.com,AVAILABILITY,domains.list,domains.list,2022-10-08 10:55:37.812321,639f8d3ad75d52cc18336320
interncache-ash.fbcdn.net,AVAILABILITY,domains.list,domains.list,2022-10-08 10:55:38.129662,639f8d3ad75d52cc18336320
interncache-cln.fbcdn.net,AVAILABILITY,domains.list,domains.list,2022-10-08 10:55:38.448965,639f8d3ad75d52cc18336320
interncache-lla.fbcdn.net,AVAILABILITY,domains.list,domains.list,2022-10-08 10:55:38.811701,639f8d3ad75d52cc18336320
interncache-nao.fbcdn.net,AVAILABILITY,domains.list,domains.list,2022-10-08 10:55:39.127459,639f8d3ad75d52cc18336320
interncache-odn.fbcdn.net,AVAILABILITY,domains.list,domains.list,2022-10-08 10:55:39.430219,639f8d3ad75d52cc18336320
interncache-vll.fbcdn.net,AVAILABILITY,domains.list,domains.list,2022-10-08 10:55:39.811080,639f8d3ad75d52cc18336320
investor.fb.com,AVAILABILITY,domains.list,domains.list,2022-10-08 10:55:41.270282,639f8d3ad75d52cc18336320
inyour.messenger.com,AVAILABILITY,domains.list,domains.list,2022-10-08 10:55:42.041182,639f8d3ad75d52cc18336320
iphone.facebook.com,AVAILABILITY,domains.list,domains.list,2022-10-08 10:55:42.622117,639f8d3ad75d52cc18336320
irc-prn.tfbnw.net,AVAILABILITY,domains.list,domains.list,2022-10-08 10:55:42.916569,639f8d3ad75d52cc18336320
irc.hack.tfbnw.net,AVAILABILITY,domains.list,domains.list,2022-10-08 10:56:03.414299,639f8d3ad75d52cc18336320
irc.tfbnw.net,AVAILABILITY,domains.list,domains.list,2022-10-08 10:56:23.942041,639f8d3ad75d52cc18336320
isbahrain.co.m.me,AVAILABILITY,domains.list,domains.list,2022-10-08 10:56:24.568415,639f8d3ad75d52cc18336320
isbank.co.m.me,AVAILABILITY,domains.list,domains.list,2022-10-08 10:56:25.175489,639f8d3ad75d52cc18336320
isbanka.m.me,AVAILABILITY,domains.list,domains.list,2022-10-08 10:56:25.778668,639f8d3ad75d52cc18336320
it-it.facebook.com,AVAILABILITY,domains.list,domains.list,2022-10-08 10:56:26.082395,639f8d3ad75d52cc18336320
it-it.fb.me,AVAILABILITY,domains.list,domains.list,2022-10-08 10:56:26.384467,639f8d3ad75d52cc18336320
it-it.messenger.com,AVAILABILITY,domains.list,domains.list,2022-10-08 10:56:26.685831,639f8d3ad75d52cc18336320
it.messenger.com,AVAILABILITY,domains.list,domains.list,2022-10-08 10:56:27.546714,639f8d3ad75d52cc18336320
ja-jp.facebook.com,AVAILABILITY,domains.list,domains.list,2022-10-08 10:56:27.842888,639f8d3ad75d52cc18336320
ja-jp.messenger.com,AVAILABILITY,domains.list,domains.list,2022-10-08 10:56:28.140860,639f8d3ad75d52cc18336320
ja-jp.vi-vn.fb.me,AVAILABILITY,domains.list,domains.list,2022-10-08 10:56:28.510183,639f8d3ad75d52cc18336320
ja-ks.facebook.com,AVAILABILITY,domains.list,domains.list,2022-10-08 10:56:28.828688,639f8d3ad75d52cc18336320
jm.m.me,AVAILABILITY,domains.list,domains.list,2022-10-08 10:56:29.427819,639f8d3ad75d52cc18336320
ka-ge.facebook.com,AVAILABILITY,domains.list,domains.list,2022-10-08 10:56:29.829134,639f8d3ad75d52cc18336320
kik.messenger.com,AVAILABILITY,domains.list,domains.list,2022-10-08 10:56:30.739649,639f8d3ad75d52cc18336320
kk-kz.facebook.com,AVAILABILITY,domains.list,domains.list,2022-10-08 10:56:31.053068,639f8d3ad75d52cc18336320
klikbca.co.m.me,AVAILABILITY,domains.list,domains.list,2022-10-08 10:56:31.686586,639f8d3ad75d52cc18336320
kn-in.messenger.com,AVAILABILITY,domains.list,domains.list,2022-10-08 10:56:32.052010,639f8d3ad75d52cc18336320
ko-kr.facebook.com,AVAILABILITY,domains.list,domains.list,2022-10-08 10:56:32.415412,639f8d3ad75d52cc18336320
ko-kr.messenger.com,AVAILABILITY,domains.list,domains.list,2022-10-08 10:56:32.752245,639f8d3ad75d52cc18336320
korea.fb.com,AVAILABILITY,domains.list,domains.list,2022-10-08 10:56:33.345140,639f8d3ad75d52cc18336320
l.facebook.com,AVAILABILITY,domains.list,domains.list,2022-10-08 10:56:33.950074,639f8d3ad75d52cc18336320
l.m.me,AVAILABILITY,domains.list,domains.list,2022-10-08 10:56:34.614533,639f8d3ad75d52cc18336320
l.messenger.com,AVAILABILITY,domains.list,domains.list,2022-10-08 10:56:35.120154,639f8d3ad75d52cc18336320
l1-dev.fb.com,AVAILABILITY,domains.list,domains.list,2022-10-08 10:56:35.483988,639f8d3ad75d52cc18336320
l1-preprod.fb.com,AVAILABILITY,domains.list,domains.list,2022-10-08 10:56:35.811162,639f8d3ad75d52cc18336320
latest.facebook.com,AVAILABILITY,domains.list,domains.list,2022-10-08 10:56:36.479085,639f8d3ad75d52cc18336320
latest.messenger.com,AVAILABILITY,domains.list,domains.list,2022-10-08 10:56:37.240827,639f8d3ad75d52cc18336320
latino.msn.messenger.com,AVAILABILITY,domains.list,domains.list,2022-10-08 10:56:38.096477,639f8d3ad75d52cc18336320
ldnlab.fb.com,AVAILABILITY,domains.list,domains.list,2022-10-08 10:56:38.854102,639f8d3ad75d52cc18336320
ldnlabcreators.fb.com,AVAILABILITY,domains.list,domains.list,2022-10-08 10:56:39.478725,639f8d3ad75d52cc18336320
learn-us-dev.fb.com,AVAILABILITY,domains.list,domains.list,2022-10-08 10:56:39.893820,639f8d3ad75d52cc18336320
learn-us-uat.fb.com,AVAILABILITY,domains.list,domains.list,2022-10-08 10:56:40.198579,639f8d3ad75d52cc18336320
learn.fb.com,AVAILABILITY,domains.list,domains.list,2022-10-08 10:56:40.823728,639f8d3ad75d52cc18336320
learntoprotect.fb.com,AVAILABILITY,domains.list,domains.list,2022-10-08 10:56:41.396430,639f8d3ad75d52cc18336320
lemonstrea.m.me,AVAILABILITY,domains.list,domains.list,2022-10-08 10:56:41.994732,639f8d3ad75d52cc18336320
lite.facebook.com,AVAILABILITY,domains.list,domains.list,2022-10-08 10:56:42.674529,639f8d3ad75d52cc18336320
lithium.facebook.com,AVAILABILITY,domains.list,domains.list,2022-10-08 10:56:43.119397,639f8d3ad75d52cc18336320
live.fb.com,AVAILABILITY,domains.list,domains.list,2022-10-08 10:56:43.972815,639f8d3ad75d52cc18336320
live.messenger.com,AVAILABILITY,domains.list,domains.list,2022-10-08 10:56:44.744959,639f8d3ad75d52cc18336320
lm.facebook.com,AVAILABILITY,domains.list,domains.list,2022-10-08 10:56:45.569349,639f8d3ad75d52cc18336320
lm.messenger.com,AVAILABILITY,domains.list,domains.list,2022-10-08 10:56:46.125591,639f8d3ad75d52cc18336320
ln.fb.me,AVAILABILITY,domains.list,domains.list,2022-10-08 10:56:46.787014,639f8d3ad75d52cc18336320
login.facebook.com,AVAILABILITY,domains.list,domains.list,2022-10-08 10:56:47.413613,639f8d3ad75d52cc18336320
login.messenger.com,AVAILABILITY,domains.list,domains.list,2022-10-08 10:56:48.196621,639f8d3ad75d52cc18336320
lookaside.facebook.com,AVAILABILITY,domains.list,domains.list,2022-10-08 10:56:48.631241,639f8d3ad75d52cc18336320
lookaside.fbcdn.com,AVAILABILITY,domains.list,domains.list,2022-10-08 10:56:49.073350,639f8d3ad75d52cc18336320
lookaside.fbsbx.com,AVAILABILITY,domains.list,domains.list,2022-10-08 10:56:49.477507,639f8d3ad75d52cc18336320
lt-lt.facebook.com,AVAILABILITY,domains.list,domains.list,2022-10-08 10:56:49.875135,639f8d3ad75d52cc18336320
lt-lt.fb.me,AVAILABILITY,domains.list,domains.list,2022-10-08 10:56:50.186570,639f8d3ad75d52cc18336320
lt-lt.messenger.com,AVAILABILITY,domains.list,domains.list,2022-10-08 10:56:50.547997,639f8d3ad75d52cc18336320
m-audience.fb.com,AVAILABILITY,domains.list,domains.list,2022-10-08 10:56:51.049583,639f8d3ad75d52cc18336320
m.ar-ar.he-il.fb.me,AVAILABILITY,domains.list,domains.list,2022-10-08 10:56:51.493132,639f8d3ad75d52cc18336320
m.facebook.com,AVAILABILITY,domains.list,domains.list,2022-10-08 10:56:52.092505,639f8d3ad75d52cc18336320
m.fb.me,AVAILABILITY,domains.list,domains.list,2022-10-08 10:56:52.725331,639f8d3ad75d52cc18336320
m.m.me,AVAILABILITY,domains.list,domains.list,2022-10-08 10:56:53.314541,639f8d3ad75d52cc18336320
m.me,AVAILABILITY,domains.list,domains.list,2022-10-08 10:56:54.189135,639f8d3ad75d52cc18336320
m.mirror.facebook.net,AVAILABILITY,domains.list,domains.list,2022-10-08 10:56:54.681373,639f8d3ad75d52cc18336320
mabasic.beta.facebook.net,AVAILABILITY,domains.list,domains.list,2022-10-08 10:56:55.110520,639f8d3ad75d52cc18336320
madeby.fb.com,AVAILABILITY,domains.list,domains.list,2022-10-08 10:56:55.775574,639f8d3ad75d52cc18336320
mail.hack.tfbnw.net,AVAILABILITY,domains.list,domains.list,2022-10-08 10:57:16.296354,639f8d3ad75d52cc18336320
